study,N,J,K,booklets,rep,items_per_student,rmse_P,bias_P,max_abs_prevalence_error,attribute_agreement_mean,attribute_agreement_min,pattern_agreement,predicted_attribute_accuracy,predicted_pattern_accuracy,converged,em_steps,seconds
A,500,30,5,1,0,30.0,0.10202270396452072,0.018431193270610477,0.043336764959889085,0.9332,0.886,0.698,0.9536409889510414,0.7939232515824273,True,83,0.24757599830627441
A,500,30,5,1,1,30.0,0.09040343197469711,-0.00821911650702935,0.035699020418736516,0.9400000000000001,0.92,0.728,0.9566043906189534,0.8088178541334865,True,158,0.4973642826080322
A,500,30,5,1,2,30.0,0.1479761001826572,0.020185748322011504,0.05742271685583822,0.908,0.856,0.622,0.9453976813999556,0.766460594514917,True,143,0.48647046089172363
A,500,30,5,1,3,30.0,0.13390871478839148,-0.00545816853049751,0.052291389130906696,0.9324000000000001,0.888,0.704,0.9419466311807309,0.7500254883393143,True,209,0.5834810733795166
A,500,30,5,1,4,30.0,0.1503862997637862,0.004567826522789769,0.10435198160274661,0.8888,0.858,0.546,0.9266296353071775,0.6975500050867053,True,122,0.33965229988098145
A,500,30,5,1,5,30.0,0.12787366589475369,-0.002926780210978778,0.06635826725444299,0.9180000000000001,0.898,0.642,0.9414987965583853,0.7540995443541354,True,170,0.47658419609069824
A,500,30,5,1,6,30.0,0.10286352426455997,-0.003034948319174865,0.02948090476645726,0.9308,0.896,0.708,0.9499296695148921,0.7838588717683158,True,53,0.1438121795654297
A,500,30,5,1,7,30.0,0.12544373586948887,0.036093865440037703,0.16429514225058306,0.8960000000000001,0.828,0.57,0.9361479369132433,0.743969605819625,True,122,0.35725951194763184
A,500,30,5,1,8,30.0,0.12475602629228193,-0.012739101465700921,0.030181593739750823,0.9228,0.892,0.678,0.9483716817237697,0.7866894069077435,True,176,0.5607998371124268
A,500,30,5,1,9,30.0,0.08975436438286898,0.00451594381277928,0.0459209083094283,0.924,0.888,0.662,0.9376690868259233,0.7333914377335942,True,95,0.27503085136413574
A,500,30,5,1,10,30.0,0.09170570948514166,0.023209857813439372,0.05385286783565646,0.9319999999999998,0.872,0.7,0.9512952978357111,0.7837434336924249,True,110,0.323322057723999
A,500,30,5,1,11,30.0,0.10060017099952703,-0.0016877857804570217,0.049547861360610956,0.9203999999999999,0.858,0.668,0.9436284745165329,0.7582597078289943,True,161,0.4768564701080322
A,500,30,5,1,12,30.0,0.13507744728013374,0.020370448849968536,0.03743734734310222,0.9328,0.894,0.706,0.9530139639492031,0.7931898795398188,True,71,0.21261858940124512
A,500,30,5,1,13,30.0,0.09489605412436572,0.005019999698352243,0.035976778308049684,0.9204000000000001,0.892,0.668,0.9416859529851814,0.7526055727382978,True,95,0.26723337173461914
A,500,30,5,1,14,30.0,0.1129857521053567,0.0019219612040093207,0.03874106165276431,0.924,0.882,0.674,0.9450881373982833,0.7607598956232752,True,134,0.381680965423584
A,500,30,5,1,15,30.0,0.12179854915583053,-0.005568180424893894,0.038645546701238154,0.9404,0.888,0.724,0.9528928664277379,0.7878275288854526,True,116,0.32649660110473633
A,500,30,5,1,16,30.0,0.11667065824713632,0.008624504802725036,0.04833858126471652,0.9256,0.886,0.666,0.9505989535305742,0.7919481919541295,True,110,0.31066298484802246
A,500,30,5,1,17,30.0,0.12324625462906366,0.008356013485278141,0.037893533995768,0.9356,0.878,0.71,0.9534806369965644,0.797337563867593,True,134,0.37745189666748047
A,500,30,5,1,18,30.0,0.07992767451117672,0.003148767582517061,0.03805703493414947,0.9463999999999999,0.89,0.76,0.9528382226640474,0.7910939654584384,True,65,0.187530517578125
A,500,30,5,1,19,30.0,0.14820729438178074,0.0003765206300278225,0.08546219203511485,0.9139999999999999,0.85,0.646,0.9370949535312715,0.7393409420506373,True,257,0.7418348789215088
A,1000,30,5,1,0,30.0,0.0808804488172591,-0.018149771000215108,0.03691972854548542,0.9208000000000001,0.886,0.67,0.9357846666924431,0.7303164111647515,True,101,0.3097805976867676
A,1000,30,5,1,1,30.0,0.07270924342435547,-0.004957275180649334,0.0258605596070966,0.9385999999999999,0.897,0.731,0.9461426876450469,0.7601031989450847,True,122,0.3801438808441162
A,1000,30,5,1,2,30.0,0.07877727668770516,0.003944301992611262,0.028631758671266883,0.9264000000000001,0.886,0.691,0.9405945690401699,0.7407015830478588,True,41,0.15158653259277344
A,1000,30,5,1,3,30.0,0.05904049505348988,0.004742189449937064,0.07575221329992932,0.9382000000000001,0.893,0.719,0.9510621085456824,0.7788755864753318,True,41,0.1272287368774414
A,1000,30,5,1,4,30.0,0.0977989057189102,0.007206105268070716,0.024230131040724412,0.9406000000000001,0.896,0.739,0.9468489697497857,0.7660661587559077,True,47,0.15006661415100098
A,1000,30,5,1,5,30.0,0.05208529855579625,0.0022735473239229955,0.01608214254903184,0.943,0.916,0.746,0.9473351462496613,0.7670585855772186,True,65,0.22015023231506348
A,1000,30,5,1,6,30.0,0.11286862236264912,0.0009192353683916864,0.07960324885967751,0.9198000000000001,0.899,0.66,0.9357329653196962,0.728603870460563,True,104,0.40554165840148926
A,1000,30,5,1,7,30.0,0.09759512252061452,0.00017292353132012333,0.03881939633095377,0.9288000000000001,0.895,0.696,0.9435049151686394,0.7561913129244212,True,227,0.8040764331817627
A,1000,30,5,1,8,30.0,0.05724320594081043,-0.003702148488054985,0.014854557442012806,0.9423999999999999,0.888,0.742,0.9451947468321487,0.7602705170669728,True,197,0.6322324275970459
A,1000,30,5,1,9,30.0,0.059264629691692515,0.006028971914813434,0.02657476915450241,0.9269999999999999,0.899,0.684,0.9388503658764306,0.7333042506287928,True,89,0.29762959480285645
A,1000,30,5,1,10,30.0,0.06782526320651373,0.007548308139790036,0.018746649834698315,0.9464,0.916,0.758,0.951960156650196,0.7858375544474019,True,23,0.07319068908691406
A,1000,30,5,1,11,30.0,0.0540674184473282,0.0015905169792278376,0.03911122436256548,0.9367999999999999,0.888,0.716,0.9468756710878582,0.765062432125049,True,62,0.19578123092651367
A,1000,30,5,1,12,30.0,0.08468937691085547,0.010963650438938587,0.023213118322415904,0.925,0.889,0.672,0.9409416997783332,0.7487713790809098,True,137,0.43060922622680664
A,1000,30,5,1,13,30.0,0.12526443687635974,-0.004088812999323202,0.017372983723255908,0.9388,0.909,0.728,0.9399604497989447,0.7390688438771736,True,125,0.40525197982788086
A,1000,30,5,1,14,30.0,0.07450125227534425,0.0055841567880526785,0.017462746467875878,0.9378,0.904,0.723,0.944386297966466,0.754622617472205,True,101,0.31528496742248535
A,1000,30,5,1,15,30.0,0.09902406720458937,0.003949008006925017,0.06442226079642832,0.9338,0.899,0.705,0.9467140878316165,0.7670562707113473,True,50,0.1493234634399414
A,1000,30,5,1,16,30.0,0.08437937095850082,0.011982552774342292,0.01729589340463661,0.9454,0.899,0.757,0.9485056939913126,0.7732888786212346,True,35,0.10580730438232422
A,1000,30,5,1,17,30.0,0.09238318206819265,-0.0136069077272736,0.037720697264738146,0.933,0.889,0.709,0.9446749374013608,0.7579855479532355,True,119,0.37974047660827637
A,1000,30,5,1,18,30.0,0.10523947309903421,-0.001069270003571787,0.02500140941809853,0.9368000000000001,0.917,0.716,0.9452059182895765,0.7601243468633856,True,65,0.21381926536560059
A,1000,30,5,1,19,30.0,0.111633562094244,0.0005943204755305,0.00989272961262938,0.9427999999999999,0.909,0.743,0.949937224189655,0.7792297830251275,True,80,0.2521541118621826
A,2000,30,5,1,0,30.0,0.058479393832112515,0.0038063128250693614,0.009449156290276317,0.9400999999999999,0.884,0.733,0.940434043762901,0.7380899955052546,True,74,0.30802345275878906
A,2000,30,5,1,1,30.0,0.03451127212557259,-0.00508824331675085,0.01756171272312579,0.9384,0.9225,0.728,0.9387107462061062,0.731015806889524,True,38,0.17544245719909668
A,2000,30,5,1,2,30.0,0.040144629768028864,-0.0007655890976995598,0.028700780752719646,0.9425000000000001,0.9135,0.7415,0.9426887032309447,0.746716543634233,True,17,0.07655119895935059
A,2000,30,5,1,3,30.0,0.053730617575693126,-0.004078225836798686,0.009969806247250856,0.9442,0.911,0.751,0.9451514537328352,0.7566825400979601,True,50,0.21107769012451172
A,2000,30,5,1,4,30.0,0.04159489778310285,-0.0006131621194688242,0.026160277504048535,0.9408,0.9085,0.7445,0.9436206369669197,0.7532440220854904,True,80,0.31073951721191406
A,2000,30,5,1,5,30.0,0.09886534493431537,0.0076362793105996425,0.010904494459519354,0.9262,0.907,0.68,0.9378774987760788,0.7316327197792932,True,266,1.0610787868499756
A,2000,30,5,1,6,30.0,0.03922561222168338,-0.0026491384878161283,0.0165512353772308,0.9349000000000001,0.9175,0.711,0.9387729556002717,0.7331913093826865,True,44,0.17624592781066895
A,2000,30,5,1,7,30.0,0.028727815887661854,-0.0011737297749876837,0.01714344941216417,0.943,0.8885,0.7465,0.9463011981238341,0.7622092277208753,True,95,0.3749964237213135
A,2000,30,5,1,8,30.0,0.04745838857717607,0.00185751056692137,0.028641545418987002,0.9298,0.8945,0.698,0.9339390762712206,0.7169975356223157,True,32,0.14643478393554688
A,2000,30,5,1,9,30.0,0.037879488754701464,-0.0053964365629847015,0.015631929012853152,0.9470000000000001,0.9135,0.7605,0.9491618268028155,0.7729891467053939,True,23,0.09978580474853516
A,2000,30,5,1,10,30.0,0.03436547390532976,0.00023774071628064903,0.010259735769801492,0.9400999999999999,0.906,0.7395,0.9432396635141632,0.7509377426686604,True,47,0.20026278495788574
A,2000,30,5,1,11,30.0,0.056039778408623,-0.009559685982847647,0.0300893885340362,0.9362,0.911,0.722,0.9395201452333076,0.7354615510959488,True,98,0.3816869258880615
A,2000,30,5,1,12,30.0,0.08472532568643402,-0.008051103427177023,0.011879744524593838,0.9337000000000002,0.9165,0.717,0.9421714370442735,0.7479618616527192,True,47,0.18862056732177734
A,2000,30,5,1,13,30.0,0.054736958689786654,0.0045798134398419834,0.006639228645906714,0.9357,0.895,0.72,0.9424822218871369,0.7478063846746815,True,152,0.5692498683929443
A,2000,30,5,1,14,30.0,0.07421238446333699,0.0014236059730610656,0.024350521439549522,0.9410999999999999,0.915,0.739,0.9435639824573536,0.752996000953209,True,98,0.39313650131225586
A,2000,30,5,1,15,30.0,0.03713575978575291,0.007701883011730896,0.01880177121756238,0.9398,0.875,0.733,0.9445460298626319,0.7539432021508832,True,68,0.27471375465393066
A,2000,30,5,1,16,30.0,0.0905132700943281,0.0065709496220944345,0.012365135558114693,0.9353999999999999,0.896,0.7155,0.9382132484059357,0.7329526183460033,True,161,0.6561019420623779
A,2000,30,5,1,17,30.0,0.04605153426764246,-0.00045999331669782255,0.010106716500253743,0.9388,0.91,0.727,0.9437352471678515,0.7515330348655227,True,32,0.12778782844543457
A,2000,30,5,1,18,30.0,0.05107196690862935,0.0042608846519814605,0.019006902143442472,0.943,0.9085,0.7445,0.9483468915182934,0.7699948321630545,True,71,0.32700681686401367
A,2000,30,5,1,19,30.0,0.04549669983729736,-0.00018956195984761234,0.013013566711052083,0.9359,0.8935,0.7245,0.9376722664758852,0.727669154480968,True,53,0.19655895233154297
A,4000,30,5,1,0,30.0,0.030753855006960266,-0.0006439359580275367,0.013034625622132145,0.9440500000000001,0.9115,0.7505,0.9469160564921273,0.7638156424041681,True,14,0.08533525466918945
A,4000,30,5,1,1,30.0,0.047042029823787336,0.004050773778556655,0.012141796166167174,0.94335,0.91025,0.74575,0.9434556842482411,0.7492297473062844,True,14,0.0715017318725586
A,4000,30,5,1,2,30.0,0.02128162598238118,0.0022570673255842967,0.00809289604152652,0.94285,0.905,0.74625,0.9440317807369268,0.752939737682854,True,26,0.12499666213989258
A,4000,30,5,1,3,30.0,0.05124822457136269,0.0034120099503269635,0.008798003389326237,0.9294,0.917,0.696,0.9318302768429778,0.7070602408038926,True,59,0.3270597457885742
A,4000,30,5,1,4,30.0,0.04486878094440692,-0.0028898209085693287,0.01162025853738785,0.93575,0.91475,0.71925,0.939035721405862,0.7350815754875918,True,104,0.6592669486999512
A,4000,30,5,1,5,30.0,0.03597345503491755,-0.00022513452379473652,0.015076650422176097,0.94205,0.8935,0.74025,0.9439796590102334,0.7502347551242752,True,95,0.5508594512939453
A,4000,30,5,1,6,30.0,0.03207469247275596,0.00224563966278308,0.012620597164663183,0.92865,0.88175,0.69375,0.9310147851498707,0.705374451333919,True,38,0.24078369140625
A,4000,30,5,1,7,30.0,0.03671721370649596,-0.005619505906676626,0.008426654925602794,0.9460000000000001,0.91425,0.7575,0.9487512263626122,0.7711306023205274,True,32,0.19972753524780273
A,4000,30,5,1,8,30.0,0.027854888842615548,-0.0019028164451021234,0.0056454753434669325,0.9429500000000001,0.897,0.74625,0.9440793072940747,0.7512132754389935,True,23,0.9407460689544678
A,4000,30,5,1,9,30.0,0.038969817996142034,0.011860991443102573,0.027805484631008515,0.93535,0.90875,0.7145,0.9360998049109899,0.7198753555070162,True,23,0.6132521629333496
A,4000,30,5,1,10,30.0,0.04151199399121042,0.0013356960368898255,0.0076804544319450385,0.9393499999999999,0.92425,0.73575,0.9421735164456304,0.7464126690332445,True,35,0.20904994010925293
A,4000,30,5,1,11,30.0,0.05065988871010584,-0.005360447203704443,0.028762829573601323,0.9366999999999999,0.905,0.72025,0.9440590756990623,0.7520897047890736,True,110,0.6216373443603516
A,4000,30,5,1,12,30.0,0.044412657254651024,0.0012999699719661421,0.00666045843792884,0.9411499999999998,0.91625,0.74175,0.9432003059249945,0.7509331128714738,True,20,0.10859489440917969
A,4000,30,5,1,13,30.0,0.02980604624070852,-0.0008716053093318421,0.009240044351923715,0.94145,0.89075,0.74,0.9421185386353959,0.7438469349646016,True,44,0.29291582107543945
A,4000,30,5,1,14,30.0,0.03487387728600641,0.006073594125574554,0.023409065720542133,0.9330999999999999,0.8925,0.7085,0.9348990250063016,0.717300721406024,True,89,0.6974079608917236
A,4000,30,5,1,15,30.0,0.03025116062135075,-0.0004423471338129121,0.00761766525036478,0.9414999999999999,0.92,0.73925,0.9423156577096934,0.7462343092766482,True,41,0.23102998733520508
A,4000,30,5,1,16,30.0,0.03457475891296663,-0.0008419889208860952,0.009715314547987242,0.9461499999999999,0.9135,0.76225,0.9470014329388619,0.7641280153034323,True,80,0.432436466217041
A,4000,30,5,1,17,30.0,0.04497788988244713,-0.0035228869780688527,0.014003041863505261,0.9355,0.89675,0.715,0.9382646177590586,0.7313352102831222,True,32,0.17889714241027832
A,4000,30,5,1,18,30.0,0.030813385382566102,-0.00179591581693191,0.01244509825648954,0.9343999999999999,0.8935,0.71375,0.9374282633034439,0.7271206951020706,True,14,0.07769465446472168
A,4000,30,5,1,19,30.0,0.04492236001048855,0.003981857747939894,0.01368861778688757,0.9318500000000001,0.8995,0.70025,0.9350902826320393,0.719392677376482,True,17,0.0859222412109375
B,8000,96,12,7,0,27.42725,0.09102386519699292,0.002079790357242303,0.0472337760388028,0.8416770833333332,0.812375,0.173625,0.8550266433503655,0.19867653634099644,True,104,76.53456425666809
B,8000,96,12,7,1,27.42675,0.08482280731724076,0.006783968355407073,0.03671943833264468,0.8492395833333335,0.815625,0.178625,0.8610384655342833,0.20794867966854935,True,95,70.14532423019409
B,8000,96,12,7,2,27.43525,0.14268315970107334,0.0023074088635266776,0.08468281768813668,0.8367187500000001,0.779875,0.162375,0.8494592229822917,0.2022857562964248,True,188,134.15457892417908
