item,in_2023,in_2019,content_domain,topic,max_points,A01,A02,A03,A04,A05,A06,A07,A08,A09,A10,A11,A12,confidence,status
ME72188,1,1,Number,Fractions and Decimals,1,1,0,0,0,0,0,0,0,0,0,0,0,H,[VERIFY]
ME72035,1,1,Number,Fractions and Decimals,1,1,0,0,0,0,0,1,0,0,0,0,0,H,[VERIFY]
ME72055,1,1,Number,"Ratio, Proportion, and Percent",1,1,1,0,0,0,0,0,0,0,0,0,0,H,[VERIFY]
ME72222,1,1,Algebra,"Expressions, Operations, and Equations",1,0,0,1,1,0,0,0,0,0,0,0,0,H,[VERIFY]
ME72090,1,1,Algebra,"Expressions, Operations, and Equations",1,0,0,0,0,0,1,1,0,0,0,0,0,M,[VERIFY]
ME72233,1,1,Algebra,"Expressions, Operations, and Equations",1,0,0,0,0,0,1,1,0,0,0,0,0,M,[VERIFY]
ME72106A,1,1,Algebra,Relationships and Functions,1,0,0,0,0,0,0,0,0,0,1,0,0,H,[VERIFY]
ME72106B,1,1,Algebra,Relationships and Functions,1,0,0,0,0,0,0,0,0,0,1,0,0,H,[VERIFY]
ME72106C,1,1,Algebra,Relationships and Functions,1,0,0,0,0,0,1,0,0,0,1,0,0,H,[VERIFY]
ME72001,1,1,Number,Integers,1,1,0,0,0,0,0,0,0,0,0,0,0,H,[VERIFY]
ME72019,1,1,Number,Fractions and Decimals,1,1,0,0,0,0,0,0,0,0,0,0,0,H,[VERIFY]
ME72189,1,1,Number,Fractions and Decimals,1,1,0,0,0,0,0,0,0,0,0,0,0,H,[VERIFY]
ME72024,1,1,Number,Fractions and Decimals,1,1,0,0,0,0,0,0,0,0,0,0,0,H,[VERIFY]
ME72043,1,1,Number,"Ratio, Proportion, and Percent",1,0,1,0,0,0,0,0,0,0,0,0,0,H,[VERIFY]
ME72221,1,1,Algebra,"Expressions, Operations, and Equations",1,0,0,1,1,0,0,0,0,0,0,0,0,H,[VERIFY]
ME72220,1,1,Algebra,"Expressions, Operations, and Equations",1,0,0,0,0,1,0,0,0,0,0,0,0,H,[VERIFY]
ME72225,1,1,Algebra,"Expressions, Operations, and Equations",1,0,0,0,0,0,1,1,0,0,0,0,0,L,[VERIFY]
ME72110A,1,1,Algebra,Relationships and Functions,1,0,0,0,0,0,0,0,0,0,1,0,0,H,[VERIFY]
ME72110B,1,1,Algebra,Relationships and Functions,1,0,0,0,0,0,1,0,0,0,1,0,0,H,[VERIFY]
ME82214A,1,0,Number,Fractions and Decimals,1,1,0,0,0,0,0,0,0,0,0,0,0,H,[VERIFY]
ME82214B,1,0,Number,Fractions and Decimals,1,1,0,0,0,0,0,0,0,0,0,0,0,H,[VERIFY]
MQ82N03,1,0,Algebra,"Expressions, Operations, and Equations",1,0,0,0,0,0,1,1,0,0,0,0,0,L,[VERIFY]
ME82320,1,0,Number,"Ratio, Proportion, and Percent",1,0,1,0,0,0,0,0,0,0,0,0,0,H,[VERIFY]
MQ72D01,1,0,Number,"Ratio, Proportion, and Percent",1,0,1,0,0,0,0,0,0,0,0,0,0,H,[VERIFY]
MQ72D02B,1,0,Algebra,Relationships and Functions,1,0,0,0,0,0,1,0,0,0,0,1,0,M,[VERIFY]
MQ72D03,1,0,Algebra,"Expressions, Operations, and Equations",1,0,0,0,1,0,0,0,0,0,0,0,0,M,[VERIFY]
MQ72D06A,1,0,Algebra,"Expressions, Operations, and Equations",1,0,1,0,1,0,0,0,0,0,0,0,0,M,[VERIFY]
MQ72D06B,1,0,Algebra,"Expressions, Operations, and Equations",1,0,1,0,1,0,0,0,0,0,0,0,0,M,[VERIFY]
MQ72D07A,1,0,Algebra,"Expressions, Operations, and Equations",1,0,1,0,1,0,0,0,0,0,0,0,0,M,[VERIFY]
MQ72D07B,1,0,Algebra,"Expressions, Operations, and Equations",2,0,1,0,1,0,0,0,0,0,0,0,0,M,[VERIFY]
MQ72D08A,1,0,Algebra,Relationships and Functions,1,0,1,0,0,0,0,0,0,0,0,1,0,M,[VERIFY]
MQ72D08B,1,0,Algebra,Relationships and Functions,1,0,1,0,0,0,0,0,0,0,0,1,0,M,[VERIFY]
MQ82C01,1,0,Algebra,"Expressions, Operations, and Equations",1,0,0,0,0,0,1,0,0,0,0,0,0,H,[VERIFY]
MQ82C02,1,0,Number,Fractions and Decimals,1,0,0,0,0,0,1,1,0,0,0,0,0,M,[VERIFY]
MQ82C03,1,0,Algebra,Relationships and Functions,1,0,0,0,0,0,1,0,1,0,0,0,0,M,[VERIFY]
MQ82C05,1,0,Number,"Ratio, Proportion, and Percent",1,0,1,0,0,0,0,0,0,0,0,0,0,L,[VERIFY]
ME82116,1,0,Number,Integers,1,1,0,0,0,0,0,0,0,0,0,0,0,H,[VERIFY]
ME82322,1,0,Number,"Ratio, Proportion, and Percent",1,0,1,0,0,0,0,0,0,0,0,0,0,H,[VERIFY]
ME82199B,1,0,Number,"Ratio, Proportion, and Percent",1,0,1,0,0,0,0,0,0,0,0,0,0,M,[VERIFY]
ME82106,1,0,Number,Integers,1,1,0,0,0,0,0,0,0,0,0,0,0,L,[VERIFY]
ME82309,1,0,Number,"Ratio, Proportion, and Percent",1,0,1,0,0,0,0,0,0,0,0,0,0,H,[VERIFY]
ME82403,1,0,Algebra,"Expressions, Operations, and Equations",1,0,0,0,0,1,1,0,0,0,0,0,0,M,[VERIFY]
ME82205,1,0,Number,Fractions and Decimals,1,1,0,0,0,0,0,0,0,0,0,0,0,H,[VERIFY]
ME82512,1,0,Algebra,Relationships and Functions,1,0,0,0,0,0,0,0,0,0,0,0,1,H,[VERIFY]
ME82201,1,0,Number,Fractions and Decimals,1,1,0,0,0,0,0,0,0,0,0,0,0,M,[VERIFY]
ME82310,1,0,Number,"Ratio, Proportion, and Percent",1,1,1,0,0,0,0,0,0,0,0,0,0,H,[VERIFY]
ME82112,1,0,Number,Integers,1,1,0,0,0,0,0,0,0,0,0,0,0,H,[VERIFY]
ME82203,1,0,Number,Fractions and Decimals,1,1,0,0,0,0,0,0,0,0,0,0,0,H,[VERIFY]
ME82404,1,0,Algebra,"Expressions, Operations, and Equations",1,0,0,0,0,0,0,1,0,0,0,0,0,H,[VERIFY]
ME82206,1,0,Number,Fractions and Decimals,1,1,0,0,0,0,0,0,0,0,0,0,0,H,[VERIFY]
ME82103,1,0,Number,Integers,1,1,0,0,0,0,0,0,0,0,0,0,0,H,[VERIFY]
ME62271,1,1,Number,Fractions and Decimals,1,1,0,0,0,0,0,0,0,0,0,0,0,M,[VERIFY]
ME62215,1,1,Number,"Ratio, Proportion, and Percent",2,0,1,0,0,0,0,0,0,0,0,0,0,H,[VERIFY]
ME62143,1,1,Number,"Ratio, Proportion, and Percent",1,0,1,0,0,0,0,0,0,0,0,0,0,H,[VERIFY]
ME62230,1,1,Algebra,"Expressions, Operations, and Equations",1,0,0,0,0,1,0,0,0,1,0,0,0,H,[VERIFY]
ME62095,1,1,Algebra,"Expressions, Operations, and Equations",1,0,0,0,0,0,1,0,0,0,0,0,1,H,[VERIFY]
ME62076,1,1,Algebra,"Expressions, Operations, and Equations",1,0,0,0,0,0,1,0,0,0,0,0,0,M,[VERIFY]
ME62030,1,1,Algebra,Relationships and Functions,1,0,0,0,0,0,0,0,0,0,0,1,1,H,[VERIFY]
ME82104,1,0,Number,Integers,1,1,0,0,0,0,0,0,0,0,0,0,0,H,[VERIFY]
ME82402,1,0,Algebra,"Expressions, Operations, and Equations",1,0,0,0,0,1,0,0,0,0,0,0,0,H,[VERIFY]
ME82410,1,0,Algebra,"Expressions, Operations, and Equations",1,0,0,0,0,0,1,1,0,0,0,0,0,M,[VERIFY]
ME82315,1,0,Number,"Ratio, Proportion, and Percent",1,0,1,0,0,0,0,0,0,0,0,0,0,H,[VERIFY]
ME62214,1,1,Number,Fractions and Decimals,1,1,0,0,0,0,0,0,0,0,0,0,0,M,[VERIFY]
ME62146,1,1,Number,"Ratio, Proportion, and Percent",1,0,1,0,0,0,0,0,0,0,0,0,0,H,[VERIFY]
ME62154,1,1,Number,"Ratio, Proportion, and Percent",1,0,1,0,0,0,0,0,0,0,0,0,0,H,[VERIFY]
ME62067,1,1,Algebra,"Expressions, Operations, and Equations",1,0,0,0,0,0,0,1,0,0,0,0,0,H,[VERIFY]
ME62341,1,1,Algebra,Relationships and Functions,1,0,0,0,0,0,0,0,0,0,0,0,1,H,[VERIFY]
ME62242,1,1,Algebra,Relationships and Functions,1,0,0,0,0,0,0,0,0,0,0,1,1,H,[VERIFY]
ME82216,1,0,Number,Fractions and Decimals,1,1,0,0,0,0,0,0,0,0,0,0,0,H,[VERIFY]
ME82105,1,0,Algebra,"Expressions, Operations, and Equations",1,0,0,0,1,0,0,0,0,0,0,0,0,L,[VERIFY]
ME82405,1,0,Algebra,"Expressions, Operations, and Equations",1,0,0,0,1,0,0,0,0,0,0,0,0,H,[VERIFY]
ME82313,1,0,Number,"Ratio, Proportion, and Percent",1,0,1,0,0,0,0,0,0,0,0,0,0,H,[VERIFY]
ME82503,1,0,Algebra,Relationships and Functions,1,0,0,0,0,0,0,0,0,0,0,1,1,M,[VERIFY]
ME82407,1,0,Algebra,"Expressions, Operations, and Equations",1,0,0,0,0,1,0,0,0,0,0,0,0,L,[VERIFY]
ME82312A,1,0,Number,"Ratio, Proportion, and Percent",1,0,1,0,0,0,0,0,0,0,0,0,0,M,[VERIFY]
ME82312B,1,0,Number,Fractions and Decimals,1,1,1,0,0,0,0,0,0,0,0,0,0,M,[VERIFY]
ME82420,1,0,Algebra,"Expressions, Operations, and Equations",1,0,0,0,1,1,0,0,0,0,0,0,0,H,[VERIFY]
ME82510,1,0,Algebra,Relationships and Functions,1,0,0,0,0,0,0,0,0,0,0,1,0,H,[VERIFY]
ME82207,1,0,Number,Fractions and Decimals,1,1,0,0,0,0,0,0,0,0,0,0,0,H,[VERIFY]
ME82219,1,0,Number,Fractions and Decimals,1,1,0,0,0,0,0,0,0,0,0,0,0,H,[VERIFY]
ME82415,1,0,Algebra,"Expressions, Operations, and Equations",1,0,0,0,0,0,1,1,0,0,0,0,0,H,[VERIFY]
ME82314,1,0,Number,"Ratio, Proportion, and Percent",1,0,1,0,0,0,0,0,0,0,0,0,0,H,[VERIFY]
ME82411,1,0,Algebra,"Expressions, Operations, and Equations",1,0,0,0,0,1,0,1,0,0,0,0,0,H,[VERIFY]
ME82511,1,0,Algebra,Relationships and Functions,1,0,0,0,0,0,0,0,0,0,1,1,0,M,[VERIFY]
ME72178,1,1,Number,Integers,1,0,0,1,0,0,0,0,0,0,0,0,0,H,[VERIFY]
ME72020,1,1,Number,Fractions and Decimals,2,1,0,0,0,0,0,0,0,0,0,0,0,H,[VERIFY]
ME72027,1,1,Number,Fractions and Decimals,1,1,0,0,0,0,0,0,0,0,0,0,0,H,[VERIFY]
ME72052,1,1,Number,"Ratio, Proportion, and Percent",1,0,1,0,0,0,0,0,0,0,0,1,0,H,[VERIFY]
ME72067,1,1,Algebra,"Expressions, Operations, and Equations",1,1,0,0,1,0,0,0,0,0,0,0,0,H,[VERIFY]
ME72083A,1,1,Algebra,"Expressions, Operations, and Equations",1,0,0,0,0,0,1,1,0,0,0,0,0,M,[VERIFY]
ME72083B,1,1,Algebra,"Expressions, Operations, and Equations",1,0,0,0,0,0,1,1,0,0,0,0,0,H,[VERIFY]
ME72108A,1,1,Algebra,Relationships and Functions,1,0,0,0,0,0,0,0,0,0,1,0,0,H,[VERIFY]
ME72108B,1,1,Algebra,Relationships and Functions,1,0,0,0,0,0,1,0,0,0,1,0,0,H,[VERIFY]
ME72021,1,1,Number,Fractions and Decimals,1,1,1,0,0,0,0,0,0,0,0,0,0,H,[VERIFY]
ME72026,1,1,Number,Fractions and Decimals,1,1,0,0,0,0,0,0,0,0,0,0,0,H,[VERIFY]
ME72041A,1,1,Number,"Ratio, Proportion, and Percent",1,0,1,0,0,0,0,0,0,0,0,0,0,H,[VERIFY]
ME72041B,1,1,Number,"Ratio, Proportion, and Percent",1,0,1,0,0,0,0,0,0,0,0,0,0,H,[VERIFY]
ME72223,1,1,Algebra,"Expressions, Operations, and Equations",1,0,0,0,0,0,1,0,0,0,0,0,0,H,[VERIFY]
ME72094,1,1,Algebra,"Expressions, Operations, and Equations",1,0,0,0,0,0,0,1,0,0,0,0,0,H,[VERIFY]
ME72059,1,1,Algebra,"Expressions, Operations, and Equations",1,0,0,0,1,0,1,0,0,0,0,0,0,M,[VERIFY]
ME72080,1,1,Algebra,"Expressions, Operations, and Equations",1,0,0,0,0,1,0,0,0,0,0,0,0,H,[VERIFY]
ME72081,1,1,Algebra,"Expressions, Operations, and Equations",1,0,0,0,0,0,1,0,1,0,0,0,0,H,[VERIFY]
ME72187,1,1,Number,Integers,1,0,0,1,0,0,0,0,0,0,0,0,0,H,[VERIFY]
ME72022,1,1,Number,Fractions and Decimals,1,1,0,0,0,0,0,0,0,0,0,0,0,H,[VERIFY]
ME72038,1,1,Number,Fractions and Decimals,1,1,0,0,0,0,0,0,0,0,0,0,0,H,[VERIFY]
ME72045,1,1,Number,"Ratio, Proportion, and Percent",1,0,1,0,0,0,0,0,0,0,0,0,0,H,[VERIFY]
ME72049,1,1,Number,"Ratio, Proportion, and Percent",1,0,1,0,0,0,0,0,0,0,0,0,0,H,[VERIFY]
ME72069,1,1,Algebra,"Expressions, Operations, and Equations",1,0,0,0,1,0,0,0,0,0,0,0,0,H,[VERIFY]
ME72074,1,1,Algebra,"Expressions, Operations, and Equations",1,0,0,0,0,1,0,0,0,0,0,0,0,H,[VERIFY]
ME72013,1,1,Algebra,"Expressions, Operations, and Equations",1,0,0,0,1,0,0,0,0,0,0,0,0,M,[VERIFY]
ME72095,1,1,Algebra,"Expressions, Operations, and Equations",1,0,0,0,0,0,0,0,1,0,0,0,0,H,[VERIFY]
ME72109,1,1,Algebra,Relationships and Functions,1,0,0,0,0,0,1,0,0,0,0,1,0,H,[VERIFY]
ME52024,0,1,Number,Fractions and Decimals,1,1,0,0,0,0,0,0,0,0,0,0,0,H,[VERIFY]
ME52058B,0,1,Number,"Ratio, Proportion, and Percent",1,0,1,0,0,0,0,0,0,0,0,0,0,H,[VERIFY]
ME52229,0,1,Number,Fractions and Decimals,1,1,0,0,0,0,0,0,0,0,0,0,0,H,[VERIFY]
ME52063,0,1,Algebra,"Expressions, Operations, and Equations",1,0,0,0,0,1,1,0,0,0,0,0,0,H,[VERIFY]
ME52072,0,1,Algebra,"Expressions, Operations, and Equations",1,0,0,1,0,1,0,0,0,0,0,0,0,H,[VERIFY]
ME52146A,0,1,Algebra,Relationships and Functions,1,0,0,0,0,0,0,0,0,0,1,0,0,H,[VERIFY]
ME52146B,0,1,Algebra,Relationships and Functions,1,0,0,0,0,0,1,0,0,0,1,0,0,H,[VERIFY]
ME52092,0,1,Algebra,Relationships and Functions,1,0,0,0,0,0,0,0,0,0,0,1,1,H,[VERIFY]
ME72007,0,1,Number,Integers,2,1,0,0,0,0,0,0,0,0,0,0,0,M,[VERIFY]
ME72025,0,1,Number,Fractions and Decimals,1,1,0,0,0,0,0,0,0,0,0,0,0,H,[VERIFY]
ME72017,0,1,Number,Fractions and Decimals,1,1,0,0,0,0,0,0,0,0,0,0,0,M,[VERIFY]
ME72190,0,1,Number,"Ratio, Proportion, and Percent",1,0,1,0,0,0,0,0,0,0,0,0,0,M,[VERIFY]
ME72068,0,1,Algebra,"Expressions, Operations, and Equations",1,0,0,0,0,1,0,0,0,0,0,0,0,H,[VERIFY]
ME72076,0,1,Algebra,"Expressions, Operations, and Equations",1,0,0,1,0,1,0,0,0,1,0,0,0,H,[VERIFY]
ME72056,0,1,Algebra,"Expressions, Operations, and Equations",1,0,0,0,1,0,0,0,0,0,0,0,0,H,[VERIFY]
ME72098,0,1,Algebra,"Expressions, Operations, and Equations",1,0,0,0,0,0,1,1,0,0,0,0,0,H,[VERIFY]
ME72103,0,1,Algebra,Relationships and Functions,1,0,0,0,0,0,0,0,0,0,0,0,1,H,[VERIFY]
ME62164,0,1,Number,Fractions and Decimals,1,1,0,0,0,0,0,0,0,0,0,0,0,H,[VERIFY]
ME62142,0,1,Number,"Ratio, Proportion, and Percent",1,1,1,0,0,0,0,0,0,0,0,0,0,H,[VERIFY]
ME62084,0,1,Algebra,"Expressions, Operations, and Equations",1,0,0,0,0,0,0,1,0,0,0,0,0,H,[VERIFY]
ME62351,0,1,Algebra,Relationships and Functions,1,0,0,0,0,0,0,0,0,0,0,0,1,H,[VERIFY]
ME62223,0,1,Algebra,"Expressions, Operations, and Equations",1,0,0,0,0,1,1,0,0,0,0,0,0,H,[VERIFY]
ME62027,0,1,Algebra,Relationships and Functions,1,0,0,0,0,0,0,0,0,0,0,1,1,H,[VERIFY]
ME52413,0,1,Number,Integers,1,1,0,0,0,0,0,0,0,0,0,0,0,M,[VERIFY]
ME52134,0,1,Number,Integers,1,1,0,0,0,0,0,0,0,0,0,0,0,H,[VERIFY]
ME52078,0,1,Number,"Ratio, Proportion, and Percent",1,0,1,0,0,0,0,0,0,0,0,0,0,H,[VERIFY]
ME52034,0,1,Number,Fractions and Decimals,1,1,0,0,0,0,0,0,0,0,0,0,0,H,[VERIFY]
ME52174A,0,1,Number,Integers,1,0,1,0,0,0,0,0,0,0,0,0,0,L,[VERIFY]
ME52174B,0,1,Number,Integers,1,0,1,0,0,0,0,0,0,0,0,0,0,L,[VERIFY]
ME52130,0,1,Algebra,"Expressions, Operations, and Equations",1,0,0,0,0,1,0,0,0,0,0,0,0,H,[VERIFY]
ME52073,0,1,Algebra,"Expressions, Operations, and Equations",1,1,0,0,1,0,0,0,0,0,0,0,0,H,[VERIFY]
ME52110,0,1,Algebra,"Expressions, Operations, and Equations",1,0,0,0,1,0,0,0,0,0,0,0,0,H,[VERIFY]
ME52105,0,1,Algebra,Relationships and Functions,1,0,0,0,0,0,0,0,0,0,0,0,1,H,[VERIFY]
ME62150,0,1,Number,Integers,1,1,0,0,0,0,0,0,0,0,0,0,0,H,[VERIFY]
ME62335,0,1,Number,"Ratio, Proportion, and Percent",1,0,1,0,0,0,0,0,0,0,0,0,0,H,[VERIFY]
ME62219,0,1,Number,"Ratio, Proportion, and Percent",1,0,1,0,0,0,0,0,0,0,0,0,0,H,[VERIFY]
ME62149,0,1,Algebra,"Expressions, Operations, and Equations",1,0,0,0,0,0,1,0,0,0,0,0,0,H,[VERIFY]
ME62241,0,1,Algebra,Relationships and Functions,1,0,0,0,0,0,1,0,0,0,0,0,1,H,[VERIFY]
ME62105,0,1,Algebra,"Expressions, Operations, and Equations",2,0,0,0,0,1,1,0,0,1,0,0,0,H,[VERIFY]
ME52079,0,1,Number,"Ratio, Proportion, and Percent",1,0,1,0,0,0,0,0,0,0,0,0,0,H,[VERIFY]
ME52215,0,1,Number,Fractions and Decimals,1,1,0,0,0,0,0,0,0,0,0,0,0,H,[VERIFY]
ME52147,0,1,Number,"Ratio, Proportion, and Percent",1,0,1,0,0,0,0,0,0,0,0,0,0,L,[VERIFY]
ME52067,0,1,Algebra,"Expressions, Operations, and Equations",1,0,0,0,1,0,0,0,0,0,0,0,0,H,[VERIFY]
ME52068,0,1,Algebra,"Expressions, Operations, and Equations",1,0,0,0,0,1,0,0,0,0,0,0,0,H,[VERIFY]
ME52087,0,1,Algebra,"Expressions, Operations, and Equations",1,0,0,0,0,0,0,0,1,0,0,0,0,H,[VERIFY]
ME62151,0,1,Number,"Ratio, Proportion, and Percent",1,0,1,0,0,0,0,0,0,0,0,0,0,H,[VERIFY]
ME62346,0,1,Number,"Ratio, Proportion, and Percent",1,0,1,0,0,0,0,0,0,0,0,0,0,H,[VERIFY]
ME62212,0,1,Number,Fractions and Decimals,1,1,0,0,0,0,0,0,0,0,0,0,0,M,[VERIFY]
ME62056,0,1,Algebra,"Expressions, Operations, and Equations",1,0,0,0,0,1,0,0,0,0,0,0,0,H,[VERIFY]
ME62317,0,1,Algebra,Relationships and Functions,1,0,0,0,1,0,0,0,0,0,0,1,0,H,[VERIFY]
ME62350,0,1,Algebra,Relationships and Functions,1,0,0,0,0,0,0,0,0,0,0,0,1,H,[VERIFY]
ME62078,0,1,Algebra,"Expressions, Operations, and Equations",1,0,0,0,0,0,1,1,0,0,0,0,0,H,[VERIFY]
