item,A01,A02,A03,A04,A05,A06,A07,A08,A09,A10,A11,A12
SYN001,1,0,0,0,0,0,0,0,0,0,0,0
SYN002,0,1,0,0,0,0,0,0,0,0,0,0
SYN003,0,0,1,0,0,0,0,0,0,0,0,0
SYN004,0,0,0,1,0,0,0,0,0,0,0,0
SYN005,0,0,0,0,1,0,0,0,0,0,0,0
SYN006,0,0,0,0,0,1,0,0,0,0,0,0
SYN007,0,0,0,0,0,0,1,0,0,0,0,0
SYN008,0,0,0,0,0,0,0,1,0,0,0,0
SYN009,0,0,0,0,0,0,0,0,1,0,0,0
SYN010,0,0,0,0,0,0,0,0,0,1,0,0
SYN011,0,0,0,0,0,0,0,0,0,0,1,0
SYN012,0,0,0,0,0,0,0,0,0,0,0,1
SYN013,1,0,0,0,0,0,0,0,0,0,0,0
SYN014,0,1,0,0,0,0,0,0,0,0,0,0
SYN015,0,0,1,0,0,0,0,0,0,0,0,0
SYN016,0,0,0,1,0,0,0,0,0,0,0,0
SYN017,0,0,0,0,1,0,0,0,0,0,0,0
SYN018,0,0,0,0,0,1,0,0,0,0,0,0
SYN019,0,0,0,0,0,0,1,0,0,0,0,0
SYN020,0,0,0,0,0,0,0,1,0,0,0,0
SYN021,0,0,0,0,0,0,0,0,1,0,0,0
SYN022,0,0,0,0,0,0,0,0,0,1,0,0
SYN023,0,0,0,0,0,0,0,0,0,0,1,0
SYN024,0,0,0,0,0,0,0,0,0,0,0,1
SYN025,0,0,0,1,1,0,0,0,1,0,0,0
SYN026,0,0,1,0,0,0,1,0,0,0,1,0
SYN027,0,0,0,1,0,1,0,0,0,1,0,0
SYN028,0,1,0,0,0,0,0,0,0,1,1,0
SYN029,0,0,0,0,0,0,0,0,0,0,1,0
SYN030,0,1,0,0,0,0,0,0,0,1,0,0
SYN031,0,0,0,0,0,0,0,0,0,0,0,1
SYN032,1,0,0,0,0,0,0,0,0,0,0,0
SYN033,0,0,0,0,0,0,1,1,1,0,0,0
SYN034,0,0,0,0,0,0,1,0,0,0,0,0
SYN035,0,0,0,1,0,0,1,0,0,0,0,0
SYN036,0,0,0,0,0,0,1,0,0,1,0,0
SYN037,0,1,0,0,0,0,0,1,0,0,1,0
SYN038,0,0,0,0,0,0,0,0,0,0,1,0
SYN039,0,0,0,0,0,0,0,0,0,0,1,0
SYN040,0,0,0,1,0,0,0,0,0,0,0,0
SYN041,0,0,0,0,1,0,0,0,1,0,0,1
SYN042,1,0,0,0,0,0,0,0,0,0,0,0
SYN043,1,0,0,0,0,1,0,0,0,0,0,0
SYN044,1,0,1,0,0,0,0,0,0,0,0,0
SYN045,0,1,0,0,0,1,0,0,0,0,0,0
SYN046,0,0,0,1,0,1,0,0,0,0,0,1
SYN047,1,0,0,0,0,0,0,0,0,1,0,0
SYN048,0,0,0,0,0,0,0,0,0,0,1,0
SYN049,0,0,0,0,0,1,0,0,1,0,0,1
SYN050,0,0,0,0,0,0,0,1,0,0,0,0
SYN051,1,0,1,0,0,0,0,0,0,0,1,0
SYN052,0,0,1,0,0,0,1,0,0,0,0,0
SYN053,0,0,0,0,0,0,1,1,0,0,0,1
SYN054,0,0,0,0,0,0,0,1,0,0,0,0
SYN055,1,0,1,0,0,1,0,0,0,0,0,0
SYN056,0,0,0,0,0,0,0,1,0,0,0,0
SYN057,1,0,0,0,0,0,0,0,0,0,1,1
SYN058,0,0,0,0,0,0,1,1,0,0,0,0
SYN059,0,0,0,0,1,0,0,0,0,0,0,0
SYN060,0,1,0,0,0,0,0,0,0,0,0,0
SYN061,0,0,1,0,1,0,0,0,1,0,0,0
SYN062,0,0,0,0,0,0,0,1,0,1,0,0
SYN063,1,0,0,0,0,0,0,0,0,0,0,0
SYN064,0,0,0,0,0,0,1,0,1,0,1,0
SYN065,0,0,0,0,0,0,0,1,0,0,0,0
SYN066,0,1,0,0,0,0,0,0,0,0,0,0
SYN067,1,0,0,0,0,0,0,0,0,0,0,0
SYN068,0,1,0,0,0,0,0,0,0,0,0,0
SYN069,0,0,0,0,0,0,0,1,0,0,0,0
SYN070,0,0,0,1,0,0,0,0,1,1,0,0
SYN071,0,0,0,0,0,0,1,1,0,0,0,0
SYN072,0,1,1,0,0,1,0,0,0,0,0,0
SYN073,0,0,0,0,0,1,0,0,0,0,0,0
SYN074,0,0,0,0,0,0,0,1,0,0,0,1
SYN075,0,0,0,0,0,0,0,0,1,0,1,1
SYN076,0,0,1,1,0,0,0,0,0,0,0,0
SYN077,0,0,0,1,0,0,1,0,0,0,0,0
SYN078,0,0,0,0,0,0,0,0,0,0,0,1
SYN079,1,0,0,0,1,0,0,0,0,1,0,0
SYN080,0,1,0,0,0,0,0,1,0,0,1,0
SYN081,0,0,0,1,0,0,0,0,0,0,0,1
SYN082,0,0,0,0,0,0,1,0,0,0,0,0
SYN083,0,0,0,0,0,0,0,0,0,0,1,0
SYN084,0,0,0,0,0,0,0,0,1,1,0,1
SYN085,0,0,1,0,0,0,0,0,0,0,0,0
SYN086,1,1,0,0,0,1,0,0,0,0,0,0
SYN087,0,0,1,0,0,0,0,0,0,1,0,0
SYN088,0,1,0,0,0,1,1,0,0,0,0,0
SYN089,0,0,0,0,1,0,0,0,0,0,0,0
SYN090,0,1,0,0,0,0,1,0,0,1,0,0
SYN091,0,0,0,1,0,1,0,0,1,0,0,0
SYN092,0,0,1,0,0,0,1,0,0,0,0,1
SYN093,0,0,0,0,0,0,0,0,0,1,0,0
SYN094,0,1,0,0,1,0,0,0,1,0,0,0
SYN095,0,0,0,0,1,0,1,0,0,0,0,0
SYN096,0,0,0,1,0,1,0,0,0,0,1,0
