attribute,estimate,se_replicate,n_replicates,name,true_prevalence,true_classification_agreement
A01,0.7226958408165673,0.0083633926956116,30,Rational-number operations,0.721375,0.89325
A02,0.6336242779904081,0.008955967613220952,30,Proportional reasoning,0.618625,0.885875
A03,0.5330081044040086,0.008573184253308776,30,Exponents and roots,0.543875,0.826375
A04,0.7175216070410152,0.009863679294123347,30,Evaluating expressions,0.653875,0.833625
A05,0.4954229155869815,0.008881346806138874,30,Equivalent expressions,0.517625,0.843
A06,0.42110522152495533,0.010022995602157733,30,Symbolizing situations,0.45125,0.834125
A07,0.50108453565215,0.00507363948254828,30,Linear equations and inequalities,0.500875,0.896125
A08,0.3032064750415764,0.008007357425856168,30,Systems of linear equations,0.30225,0.903875
A09,0.26878686641887506,0.01223787456544043,30,Factoring and polynomial products,0.244125,0.84925
A10,0.6395196330263536,0.010379700464962704,30,Patterns and generalization,0.5785,0.84675
A11,0.4696368851960101,0.012175209623335063,30,Functions and representations,0.484125,0.886625
A12,0.32299132330626534,0.011853331025389675,30,Linear functions,0.348625,0.859625
