attribute,accuracy,consistency
A01,0.8949932830555053,0.8476542113474878
A02,0.8859422054551357,0.8350440128840371
A03,0.8348093032908066,0.765809136728634
A04,0.8584738521625818,0.7971826827893392
A05,0.8421604624744601,0.773594376506323
A06,0.8409852229830048,0.7746386749858898
A07,0.8886250450029736,0.8381798109103329
A08,0.9053868837713672,0.8650229817406616
A09,0.8514398765991582,0.7918263608872866
A10,0.8706169143956191,0.8111489260310661
A11,0.8857707276078267,0.8333879428168455
A12,0.8687263597742867,0.8105411610545404
