item,n,p_obs,p_model,z
SYN001,2282,0.7158723095498379,0.714450150801889,0.1504107799946283
SYN002,2314,0.5542091345973653,0.5552225842757452,-0.09810224394220331
SYN003,2336,0.48722137795826326,0.4871421521474873,0.007660846377507635
SYN004,2191,0.5992527606564928,0.5991647796313091,0.008403382487066844
SYN005,2282,0.5334874463530678,0.5303934424591005,0.2961505384643418
SYN006,2314,0.51284154359043,0.5092033739273572,0.35008072918165933
SYN007,2191,0.4750928806264316,0.4706122718105715,0.42018414323257064
SYN008,2274,0.3637628718170407,0.3674548454811476,-0.3651792300848254
SYN009,2314,0.34922710569299037,0.34762395268139173,0.16193950306940375
SYN010,2350,0.47808852326686174,0.4756884983673216,0.2329665996208191
SYN011,2282,0.5329100878731052,0.5369596586468431,-0.38795965936857046
SYN012,2350,0.45601203088696524,0.4578306897365822,-0.1769559848034261
SYN013,2191,0.6493526563230411,0.6465729296197171,0.2721852731646825
SYN014,2253,0.5575697321281742,0.5516772541445925,0.5623939479606108
SYN015,2350,0.5236416087486677,0.5262302857131854,-0.2513276226682705
SYN016,2274,0.5530536973739482,0.5542911906046892,-0.11872535175596317
SYN017,2253,0.5341119313924301,0.5261415901805222,0.7576731496271033
SYN018,2191,0.40971042250501755,0.4099861091999033,-0.026237430795715014
SYN019,2282,0.453899296113954,0.4581012807694724,-0.40287699297135876
SYN020,2350,0.43094441367539466,0.43291498676367235,-0.19279736021895655
SYN021,2350,0.40684878087574194,0.41017582705001354,-0.32790379608970127
SYN022,2253,0.5573572724539746,0.5527969662308367,0.4353508595150915
SYN023,2191,0.5123674604835754,0.5033453175088201,0.8446379883135358
SYN024,2274,0.4648348038389131,0.4681690127786593,-0.31863970417882986
SYN025,2336,0.512174561359224,0.5135043574397926,-0.1285908075844787
SYN026,2253,0.5171755170235944,0.5114241505446279,0.546128729600563
SYN027,2253,0.5351821014162665,0.5328981114733025,0.21729357289458123
SYN028,2274,0.47728323275618867,0.47868792487328693,-0.13409149937038045
SYN029,2314,0.46326364223512606,0.46463401790179454,-0.13217229409776843
SYN030,2282,0.6047627396291058,0.6047023071656885,0.005904663670722126
SYN031,2282,0.39557072415135625,0.39470795629984035,0.0843201462304651
SYN032,2314,0.5550421761974418,0.5552392373446918,-0.01907565136603156
SYN033,2336,0.39368255546488023,0.3969598555827405,-0.3237473530341351
SYN034,2350,0.4595342418457321,0.46086619333837886,-0.12953485146378535
SYN035,2253,0.5521028334927941,0.5498398738864803,0.21590155495795632
SYN036,2336,0.49885517938939045,0.5028278964963859,-0.38402632971645345
SYN037,2336,0.4494099124550523,0.4506217599228983,-0.11771791798776707
SYN038,2350,0.48683281546796303,0.4890507975949444,-0.21509292465070776
SYN039,2314,0.48621259852969595,0.48780199046013667,-0.1529579145573471
SYN040,2282,0.5345989822221541,0.5372463266537177,-0.2536334936542411
SYN041,2336,0.3955387666737746,0.39965392389456716,-0.4060504279701839
SYN042,2253,0.5904977878949852,0.582393735164331,0.779993536952861
SYN043,2282,0.4654152584816654,0.46486074256941645,0.053110084385917536
SYN044,2314,0.646069078747996,0.6477646820749917,-0.17075791953011382
SYN045,2282,0.5855250121401021,0.584758521199555,0.07430639674719153
SYN046,2191,0.5761632195401649,0.5756213781675052,0.05131545039608237
SYN047,2274,0.5925509242392505,0.5959542559702217,-0.3307331916986617
SYN048,2314,0.5019255598463002,0.5038646163857706,-0.18655853319816185
SYN049,2253,0.34117128074049785,0.3363909504568926,0.48024206524114543
SYN050,2350,0.37288005990619305,0.3745292980709354,-0.16518512003764846
SYN051,2253,0.5425517397920467,0.537362258092837,0.4940267561962304
SYN052,2191,0.44554513140592955,0.4422880289266794,0.3069693652855814
SYN053,2336,0.4014080917953694,0.40293655158838193,-0.15061279323312693
SYN054,2191,0.4502866490302207,0.4496312428012955,0.061670380334235456
SYN055,2274,0.4549926232069392,0.4566705617296065,-0.16063424949223126
SYN056,2336,0.35300017895425784,0.3542392543410401,-0.12521316289936743
SYN057,2314,0.5009775977748283,0.5024241789259375,-0.13917447104592554
SYN058,2314,0.4113547522727357,0.41136641218977776,-0.0011398303156464735
SYN059,2282,0.48695499180185564,0.48301801538334543,0.37635809727725894
SYN060,2274,0.5430685951321946,0.5412625371941986,0.1728386318358837
SYN061,2253,0.463469831432886,0.45756680311232395,0.5624126471028044
SYN062,2336,0.44515269735708785,0.4477410745272907,-0.25158175332476457
SYN063,2336,0.6949667392192687,0.6997443665979223,-0.5037712819765806
SYN064,2282,0.4456541195525919,0.4503168303574151,-0.4476937080495824
SYN065,2350,0.4178958425132316,0.4197616203590491,-0.18326911111358268
SYN066,2274,0.6375739485077936,0.6351156556346544,0.24351450104211383
SYN067,2336,0.5990348723748816,0.6045501246193618,-0.5451800061882618
SYN068,2282,0.6242780480402408,0.6227884128739597,0.1468165322489395
SYN069,2274,0.3272135328018727,0.3303017405641536,-0.31311705542076906
SYN070,2191,0.43037326256293557,0.4295770243072762,0.07529137021036808
SYN071,2274,0.4513119508389123,0.4533509869425547,-0.19532083795548286
SYN072,2314,0.5303687575017961,0.5304584325501571,-0.008643519086425131
SYN073,2314,0.4807614610689408,0.4766241990455994,0.39847386342408986
SYN074,2336,0.46233923038148755,0.4639880607046704,-0.1597981512796305
SYN075,2274,0.4203496773575636,0.4208458681713017,-0.04792756186888282
SYN076,2350,0.570363207380422,0.571119634530827,-0.07409167482716349
SYN077,2336,0.5832908743668146,0.5846546797586479,-0.13376252135819533
SYN078,2282,0.40402403165915995,0.4033081354451625,0.06971309048909372
SYN079,2350,0.5420931609905736,0.5436088372738357,-0.1475123965357511
SYN080,2191,0.5039862568986986,0.5013490951004917,0.24688206498294252
SYN081,2191,0.4495139619084543,0.4477544355456753,0.165626910324936
SYN082,2314,0.5052941926223038,0.50543009944243,-0.013076109143420021
SYN083,2253,0.429765752862759,0.42817565082376835,0.15253281487389445
SYN084,2191,0.47191169723462306,0.4698360102007706,0.19467258613679583
SYN085,2253,0.5146561494370824,0.5107287111213101,0.37292368452243313
SYN086,2191,0.5343275832971305,0.5329398908778968,0.13019337999873956
SYN087,2336,0.57712890956705,0.5795620595686625,-0.23823434922481393
SYN088,2350,0.515639988040738,0.5178195472455831,-0.21145043413714376
SYN089,2274,0.5360693624533173,0.5387641284385293,-0.25778367621823156
SYN090,2253,0.6093293457619977,0.6023959330275137,0.6724519001002558
SYN091,2350,0.48179293022952796,0.4825851227454711,-0.07685254356436143
SYN092,2282,0.48454761979072963,0.48547440104350137,-0.08858259516260739
SYN093,2274,0.5666614216047683,0.571891951001616,-0.5040889630732975
SYN094,2314,0.5035625842657623,0.504660689287197,-0.10565119625654644
SYN095,2350,0.5452436466464012,0.5482133814342253,-0.2892744654622247
SYN096,2253,0.5334671730339374,0.5318223519903102,0.15646262729387128
