item,n_attributes,best_q,pvaf
SYN001,1,A01,0.9774863289131036
SYN001,2,A01+A05,0.9780684636443748
SYN001,3,A01+A05+A12,0.9791107142131437
SYN001,4,A01+A05+A07+A12,0.9802929911326025
SYN002,1,A02,0.9784518953503649
SYN002,2,A02+A08,0.9796524883458729
SYN002,3,A02+A08+A09,0.9803484140941509
SYN002,4,A02+A06+A08+A09,0.9814012705108067
SYN003,1,A03,0.939787411567971
SYN003,2,A03+A08,0.9414366787619322
SYN003,3,A03+A08+A12,0.9433727382856821
SYN003,4,A03+A05+A08+A12,0.9462667944348524
SYN004,1,A04,0.9223527034464557
SYN004,2,A04+A08,0.9263451211974992
SYN004,3,A04+A05+A08,0.9283608861474634
SYN004,4,A04+A05+A08+A12,0.9307146041534323
SYN005,1,A05,0.9206985687272145
SYN005,2,A05+A11,0.9229350148373332
SYN005,3,A05+A11+A12,0.9263344452505021
SYN005,4,A05+A10+A11+A12,0.9299602781742603
SYN006,1,A06,0.9521258093215672
SYN006,2,A06+A07,0.9533524788542035
SYN006,3,A06+A07+A08,0.9553236853231561
SYN006,4,A02+A06+A07+A08,0.957228655750659
SYN007,1,A07,0.9746210810146556
SYN007,2,A01+A07,0.975286209618223
SYN007,3,A07+A10+A11,0.9761786231816889
SYN007,4,A01+A07+A10+A11,0.9769954166875569
SYN008,1,A08,0.9861210224872345
SYN008,2,A02+A08,0.9865017796437827
SYN008,3,A02+A08+A10,0.9870324065845202
SYN008,4,A02+A05+A08+A10,0.9877203288114818
SYN009,1,A09,0.963541632750888
SYN009,2,A09+A12,0.9643163825620873
SYN009,3,A09+A10+A11,0.9662257877072024
SYN009,4,A02+A09+A10+A11,0.9679364615333138
SYN010,1,A10,0.972633050223987
SYN010,2,A08+A10,0.973509461915399
SYN010,3,A03+A08+A10,0.9746066037225688
SYN010,4,A03+A06+A08+A10,0.9760611502231162
SYN011,1,A11,0.9612227479992641
SYN011,2,A05+A11,0.9629488751980023
SYN011,3,A01+A05+A11,0.9642202693504721
SYN011,4,A01+A02+A05+A11,0.9661346820353887
SYN012,1,A12,0.9510341643518315
SYN012,2,A03+A12,0.95250952282152
SYN012,3,A03+A08+A12,0.9548563094661302
SYN012,4,A03+A08+A11+A12,0.9579809832993416
SYN013,1,A01,0.9467557676554668
SYN013,2,A01+A11,0.9490293180796705
SYN013,3,A01+A02+A11,0.9503008147332584
SYN013,4,A01+A02+A10+A11,0.9516194262172998
SYN014,1,A02,0.9751335409700347
SYN014,2,A01+A02,0.9765092639671086
SYN014,3,A01+A02+A05,0.9779510691298118
SYN014,4,A01+A02+A05+A07,0.9793029967806598
SYN015,1,A03,0.9842817126512169
SYN015,2,A03+A09,0.9845463203596366
SYN015,3,A03+A08+A09,0.9852854929337469
SYN015,4,A03+A06+A08+A09,0.9860220264777648
SYN016,1,A04,0.9418985656769847
SYN016,2,A04+A08,0.943257506527115
SYN016,3,A02+A04+A05,0.9466936432646912
SYN016,4,A02+A04+A05+A06,0.9488754636400467
SYN017,1,A05,0.9845647284916631
SYN017,2,A05+A10,0.9850485614702933
SYN017,3,A05+A10+A12,0.9856721744419249
SYN017,4,A05+A10+A11+A12,0.9862791873146967
SYN018,1,A06,0.970691454958606
SYN018,2,A06+A12,0.9714785708551081
SYN018,3,A02+A04+A06,0.972908098940297
SYN018,4,A02+A04+A06+A08,0.9740424842959011
SYN019,1,A07,0.984453714742155
SYN019,2,A01+A07,0.9849137855055037
SYN019,3,A01+A07+A10,0.9854868627268949
SYN019,4,A01+A07+A10+A12,0.9861915444341416
SYN020,1,A08,0.9673492098119075
SYN020,2,A06+A08,0.9688127927554863
SYN020,3,A06+A08+A10,0.9701199176572529
SYN020,4,A03+A06+A08+A10,0.9720493257095347
SYN021,1,A09,0.9447721690232938
SYN021,2,A09+A12,0.9461381130163062
SYN021,3,A09+A10+A12,0.9479872076659038
SYN021,4,A08+A09+A11+A12,0.949756232768597
SYN022,1,A10,0.9727313195262557
SYN022,2,A03+A10,0.9732556377842901
SYN022,3,A05+A06+A10,0.9743621123305692
SYN022,4,A02+A05+A06+A10,0.9753431443476102
SYN023,1,A11,0.9869567670581498
SYN023,2,A02+A11,0.9872271423566102
SYN023,3,A02+A08+A11,0.9877265246364595
SYN023,4,A02+A06+A08+A11,0.9884065600677984
SYN024,1,A12,0.9429451206764823
SYN024,2,A11+A12,0.9450839045590401
SYN024,3,A04+A10+A12,0.9473773567387265
SYN024,4,A04+A10+A11+A12,0.9498638338671292
SYN025,1,A09,0.4095022817256358
SYN025,2,A04+A05,0.6609418433752436
SYN025,3,A04+A05+A09,0.9117169163491766
SYN025,4,A03+A04+A05+A09,0.9172874574093238
SYN026,1,A07,0.6293578464915459
SYN026,2,A03+A07,0.7867488625303349
SYN026,3,A03+A07+A11,0.8990607281283014
SYN026,4,A01+A03+A07+A11,0.9038583757224983
SYN027,1,A10,0.4595140770921912
SYN027,2,A06+A10,0.7187178939510819
SYN027,3,A04+A06+A10,0.9044773198107481
SYN027,4,A03+A04+A06+A10,0.9134035957844204
SYN028,1,A10,0.43805973589061015
SYN028,2,A10+A11,0.7044942706462372
SYN028,3,A02+A10+A11,0.8487593533867639
SYN028,4,A02+A05+A10+A11,0.8625909816656815
SYN029,1,A11,0.9019541921270979
SYN029,2,A06+A11,0.9041929464599879
SYN029,3,A08+A09+A11,0.9067085431444285
SYN029,4,A06+A08+A11+A12,0.9109535083960286
SYN030,1,A10,0.6458535861934801
SYN030,2,A02+A10,0.9492427909992132
SYN030,3,A02+A07+A10,0.950492843386654
SYN030,4,A02+A07+A10+A12,0.954750453413672
SYN031,1,A12,0.9794592584173792
SYN031,2,A02+A12,0.9806327709649121
SYN031,3,A02+A04+A12,0.9813021434895999
SYN031,4,A02+A04+A05+A12,0.9821968424348245
SYN032,1,A01,0.9208886803279602
SYN032,2,A01+A08,0.9217794569167426
SYN032,3,A01+A06+A08,0.9246111606125751
SYN032,4,A01+A06+A08+A09,0.9275251162427486
SYN033,1,A09,0.7115836044139678
SYN033,2,A08+A09,0.821438176523075
SYN033,3,A07+A08+A09,0.893200677189968
SYN033,4,A07+A08+A09+A10,0.9061691661590231
SYN034,1,A07,0.9520407336996206
SYN034,2,A07+A08,0.9550814296497085
SYN034,3,A07+A08+A09,0.9603015160605126
SYN034,4,A02+A07+A08+A09,0.9623896343217105
SYN035,1,A07,0.6416397746529289
SYN035,2,A04+A07,0.9069476541994037
SYN035,3,A04+A07+A11,0.9138374057356311
SYN035,4,A04+A07+A10+A11,0.9202758734961423
SYN036,1,A10,0.6876840836986755
SYN036,2,A07+A10,0.9292901747864022
SYN036,3,A01+A07+A10,0.9327938236736346
SYN036,4,A01+A07+A08+A10,0.9384575838534648
SYN037,1,A11,0.5773095370358073
SYN037,2,A08+A11,0.7983532028245247
SYN037,3,A02+A08+A11,0.9378859651091371
SYN037,4,A02+A07+A08+A11,0.9411714861138245
SYN038,1,A11,0.9761219897232218
SYN038,2,A08+A11,0.9767969935959382
SYN038,3,A07+A08+A11,0.9779362428107936
SYN038,4,A07+A08+A09+A11,0.9793116076295004
SYN039,1,A11,0.9257300652627956
SYN039,2,A08+A11,0.9290961007493003
SYN039,3,A07+A08+A11,0.9314897024766519
SYN039,4,A07+A08+A09+A11,0.9338309633144181
SYN040,1,A04,0.9566014194262643
SYN040,2,A04+A12,0.9591972300826525
SYN040,3,A04+A07+A12,0.9613146868384937
SYN040,4,A04+A05+A07+A12,0.9637020221354664
SYN041,1,A05,0.5321091360016446
SYN041,2,A05+A09,0.7490731472232718
SYN041,3,A05+A09+A12,0.9624704749589984
SYN041,4,A01+A05+A09+A12,0.963976482088289
SYN042,1,A01,0.9588635888818848
SYN042,2,A01+A08,0.9597361167409437
SYN042,3,A01+A02+A12,0.9614731723755873
SYN042,4,A01+A02+A07+A12,0.962874119176088
SYN043,1,A01,0.6347661617618171
SYN043,2,A01+A06,0.9431292376761076
SYN043,3,A01+A04+A06,0.9471120282988154
SYN043,4,A01+A02+A04+A06,0.9488129296927218
SYN044,1,A01,0.6380904767469938
SYN044,2,A01+A03,0.9039427952293743
SYN044,3,A01+A02+A03,0.9063184402999173
SYN044,4,A01+A03+A06+A11,0.9112314510270448
SYN045,1,A02,0.8162493212091918
SYN045,2,A02+A06,0.9374359815378668
SYN045,3,A02+A05+A06,0.942423106604036
SYN045,4,A02+A05+A06+A12,0.9452930542898788
SYN046,1,A06,0.5426643839073643
SYN046,2,A04+A06,0.7571863344526145
SYN046,3,A04+A06+A12,0.9274815501475909
SYN046,4,A01+A04+A06+A12,0.932893906358603
SYN047,1,A10,0.6517187760655389
SYN047,2,A01+A10,0.8773204025759677
SYN047,3,A01+A10+A11,0.8827016628337845
SYN047,4,A01+A02+A10+A11,0.8878635151802334
SYN048,1,A11,0.966191204614642
SYN048,2,A06+A11,0.9674192779679397
SYN048,3,A06+A07+A11,0.9690046153086025
SYN048,4,A06+A07+A10+A11,0.9703238809720396
SYN049,1,A09,0.4161278193683503
SYN049,2,A09+A12,0.606380846885958
SYN049,3,A06+A09+A12,0.9285488494901533
SYN049,4,A06+A07+A09+A12,0.9324716775237468
SYN050,1,A08,0.9409214330690696
SYN050,2,A01+A08,0.9425263837661341
SYN050,3,A01+A08+A12,0.9439324453414275
SYN050,4,A01+A08+A09+A12,0.9459619972478179
SYN051,1,A03,0.5363917900487157
SYN051,2,A03+A11,0.7999129263925003
SYN051,3,A01+A03+A11,0.9265742814979897
SYN051,4,A01+A03+A05+A11,0.9328760238445865
SYN052,1,A07,0.6396096761399569
SYN052,2,A03+A07,0.866644624815733
SYN052,3,A03+A07+A08,0.8723190782393475
SYN052,4,A03+A05+A07+A08,0.878856653516006
SYN053,1,A12,0.5901843378775802
SYN053,2,A08+A12,0.8107125404175392
SYN053,3,A07+A08+A12,0.8615201364121182
SYN053,4,A07+A08+A10+A12,0.8696631814984097
SYN054,1,A08,0.9463834911476483
SYN054,2,A01+A08,0.9488190206652725
SYN054,3,A01+A08+A10,0.9509089709105778
SYN054,4,A01+A08+A10+A11,0.9528628825919249
SYN055,1,A03,0.5074622591935246
SYN055,2,A03+A06,0.6587537188440094
SYN055,3,A01+A03+A06,0.9151423405994848
SYN055,4,A01+A03+A06+A08,0.9192769538536345
SYN056,1,A08,0.9727099990715181
SYN056,2,A05+A08,0.9747134241382802
SYN056,3,A03+A08+A12,0.9765499367703143
SYN056,4,A03+A05+A08+A12,0.9781369887061544
SYN057,1,A12,0.5166158282668244
SYN057,2,A11+A12,0.7038749572779341
SYN057,3,A01+A11+A12,0.8285921036642455
SYN057,4,A01+A08+A11+A12,0.8388009763595156
SYN058,1,A08,0.6764133143219302
SYN058,2,A07+A08,0.9351239159001401
SYN058,3,A07+A08+A11,0.9372843139004969
SYN058,4,A07+A08+A10+A11,0.9399583319693735
SYN059,1,A05,0.9587014794638513
SYN059,2,A05+A07,0.9600390353203616
SYN059,3,A01+A05+A11,0.9613678051005936
SYN059,4,A01+A05+A07+A11,0.963611128949185
SYN060,1,A02,0.9255387629265075
SYN060,2,A02+A06,0.9276073543498367
SYN060,3,A02+A06+A08,0.9323150692724986
SYN060,4,A02+A06+A08+A09,0.9341087846165058
SYN061,1,A09,0.5735954502177768
SYN061,2,A05+A09,0.8540425987769555
SYN061,3,A03+A05+A09,0.9526849362295392
SYN061,4,A03+A05+A09+A12,0.9556159131989058
SYN062,1,A08,0.7015125627415261
SYN062,2,A08+A10,0.9634218433181729
SYN062,3,A08+A10+A12,0.9668045960691418
SYN062,4,A01+A08+A10+A12,0.969469130663908
SYN063,1,A01,0.9520033860266893
SYN063,2,A01+A04,0.9566150009561196
SYN063,3,A01+A04+A07,0.958864324005976
SYN063,4,A01+A04+A07+A08,0.9610067539504833
SYN064,1,A07,0.7247680173336516
SYN064,2,A07+A11,0.9025634042380071
SYN064,3,A07+A09+A11,0.9578879129994725
SYN064,4,A05+A07+A09+A11,0.9600268022916391
SYN065,1,A08,0.9556609689647421
SYN065,2,A07+A08,0.9577733090354481
SYN065,3,A07+A08+A12,0.9601124151109179
SYN065,4,A07+A08+A09+A12,0.9619227487896668
SYN066,1,A02,0.9783017001216576
SYN066,2,A02+A06,0.9785280089747411
SYN066,3,A02+A04+A07,0.9791596819891276
SYN066,4,A02+A04+A06+A10,0.980034303470786
SYN067,1,A01,0.9690969929420423
SYN067,2,A01+A02,0.9703184093065993
SYN067,3,A01+A02+A08,0.9717007445916008
SYN067,4,A01+A02+A07+A08,0.9735883848041824
SYN068,1,A02,0.978710938510765
SYN068,2,A02+A12,0.9795039767682137
SYN068,3,A01+A02+A10,0.9805322082988689
SYN068,4,A01+A02+A09+A12,0.9812153663287295
SYN069,1,A08,0.9668790201847902
SYN069,2,A05+A08,0.9682953514202258
SYN069,3,A05+A08+A11,0.9689747406129893
SYN069,4,A05+A07+A08+A11,0.9702021054530681
SYN070,1,A10,0.48971917530188896
SYN070,2,A04+A10,0.7400003425253763
SYN070,3,A04+A09+A10,0.9090145727601368
SYN070,4,A04+A09+A10+A11,0.9148086556208295
SYN071,1,A08,0.6067496368204128
SYN071,2,A07+A08,0.8653704700549094
SYN071,3,A07+A08+A11,0.8717964503479221
SYN071,4,A06+A07+A08+A11,0.877296161401028
SYN072,1,A03,0.6180570557784378
SYN072,2,A02+A03,0.8079007733091179
SYN072,3,A02+A03+A06,0.9331273468150958
SYN072,4,A02+A03+A06+A11,0.93848660459977
SYN073,1,A06,0.9708297015653568
SYN073,2,A06+A10,0.971522259036868
SYN073,3,A03+A06+A11,0.9724331292101686
SYN073,4,A05+A06+A10+A11,0.9735133716531583
SYN074,1,A12,0.6862252895219378
SYN074,2,A08+A12,0.942631013125611
SYN074,3,A08+A09+A12,0.9449798222363971
SYN074,4,A02+A03+A08+A12,0.9474417444034609
SYN075,1,A11,0.49530090131223503
SYN075,2,A09+A11,0.7349000424357488
SYN075,3,A09+A11+A12,0.8495539318707027
SYN075,4,A02+A09+A11+A12,0.8575874988928767
SYN076,1,A03,0.6650405844929093
SYN076,2,A03+A04,0.8955258577849272
SYN076,3,A03+A04+A07,0.9014355092599373
SYN076,4,A03+A04+A05+A07,0.9056198064616515
SYN077,1,A07,0.7209778888555648
SYN077,2,A04+A07,0.9544712009722823
SYN077,3,A04+A07+A12,0.9565987286826433
SYN077,4,A01+A04+A05+A07,0.9580320289672339
SYN078,1,A12,0.9617715344435613
SYN078,2,A11+A12,0.9633631341487467
SYN078,3,A09+A11+A12,0.9645710455586984
SYN078,4,A02+A03+A04+A12,0.9666320705843826
SYN079,1,A05,0.6149384420673932
SYN079,2,A01+A05,0.8197937737473543
SYN079,3,A01+A05+A10,0.8786384889388617
SYN079,4,A01+A05+A10+A12,0.883966668238003
SYN080,1,A08,0.4656947466227862
SYN080,2,A02+A08,0.7315665811251031
SYN080,3,A02+A08+A11,0.9249220400503441
SYN080,4,A02+A04+A08+A11,0.9287476896593257
SYN081,1,A12,0.7068764477313909
SYN081,2,A04+A12,0.9319208446705691
SYN081,3,A04+A08+A12,0.9340814582746855
SYN081,4,A04+A07+A08+A12,0.9370065616690333
SYN082,1,A07,0.979018808611899
SYN082,2,A07+A11,0.9801607495289985
SYN082,3,A07+A11+A12,0.9805925740000473
SYN082,4,A07+A08+A09+A11,0.9817088857823559
SYN083,1,A11,0.9661326733089028
SYN083,2,A06+A11,0.9670211633248107
SYN083,3,A01+A11+A12,0.9680784309463618
SYN083,4,A01+A05+A11+A12,0.9699461495810568
SYN084,1,A12,0.4382368115113858
SYN084,2,A09+A12,0.7542566925184057
SYN084,3,A09+A10+A12,0.9190723219985428
SYN084,4,A04+A09+A10+A12,0.9229208905914941
SYN085,1,A03,0.9612618029684233
SYN085,2,A01+A03,0.9629349751094056
SYN085,3,A01+A03+A07,0.9652577555088527
SYN085,4,A01+A03+A05+A07,0.9671426873084883
SYN086,1,A02,0.5402555981533413
SYN086,2,A01+A02,0.7498228247772332
SYN086,3,A01+A02+A06,0.9466135849682705
SYN086,4,A01+A02+A06+A07,0.9492279994427751
SYN087,1,A03,0.6231915266716984
SYN087,2,A03+A10,0.9674459505202216
SYN087,3,A01+A03+A10,0.9692417119279843
SYN087,4,A01+A03+A08+A10,0.9722651431619798
SYN088,1,A02,0.6050960077714754
SYN088,2,A02+A06,0.858954939871887
SYN088,3,A02+A06+A07,0.947584769047051
SYN088,4,A02+A06+A07+A11,0.9507424125887739
SYN089,1,A05,0.9719488117114463
SYN089,2,A05+A10,0.9729642316615149
SYN089,3,A02+A05+A10,0.9742386090764965
SYN089,4,A01+A02+A05+A10,0.9756718489022508
SYN090,1,A02,0.6469564285461122
SYN090,2,A02+A07,0.8936870984988278
SYN090,3,A02+A07+A10,0.9402103607064771
SYN090,4,A02+A05+A07+A10,0.9447251030065137
SYN091,1,A06,0.5220649703254419
SYN091,2,A04+A06,0.8071651647514178
SYN091,3,A04+A06+A09,0.9323480991794985
SYN091,4,A04+A06+A09+A11,0.9380259881506374
SYN092,1,A03,0.6061874858652339
SYN092,2,A03+A12,0.7871930131115384
SYN092,3,A03+A07+A12,0.8850997488437727
SYN092,4,A03+A07+A11+A12,0.8928789548837709
SYN093,1,A10,0.9802692153072838
SYN093,2,A02+A10,0.9808421963772547
SYN093,3,A02+A05+A10,0.9824265451047546
SYN093,4,A02+A05+A06+A10,0.9830061516634472
SYN094,1,A09,0.5326040645914929
SYN094,2,A05+A09,0.7335896417362902
SYN094,3,A02+A05+A09,0.8685927156566182
SYN094,4,A02+A05+A08+A09,0.8747592017115593
SYN095,1,A07,0.7121084830038552
SYN095,2,A05+A07,0.9588678597631765
SYN095,3,A05+A07+A11,0.9616919120821426
SYN095,4,A05+A06+A07+A11,0.9637422981976839
SYN096,1,A11,0.5182140683134273
SYN096,2,A06+A11,0.7278432253696556
SYN096,3,A04+A06+A11,0.9315732762728907
SYN096,4,A04+A06+A07+A11,0.9359251163931588
